PC,pct_var
1,0.30612904
2,0.23494849
3,0.11599054
4,0.097469956
5,0.068204574
6,0.045728467
7,0.03226596
8,0.018041873
9,0.0137018645
10,0.009432468
